﻿{"Id":3,"Name":"Demo Survey","Pages":[{"Id":"53ce0b2e-213c-4b89-84d1-c759b4476915","Order":1,"Components":[{"Type":"spacer","Order":1,"Id":"db806fc8-5f73-453d-9925-eba0a2b265a2","Params":{"height":"50"}},{"Type":"heading","Order":2,"Id":"8d267b2e-f546-44b7-a9cc-0db3065299c4","Params":{"text":"Welcome to DECSYS","variant":"h1"}},{"Type":"paragraph","Order":3,"Id":"f5a3a8c3-6bad-45f8-8907-24c47b89e73c","Params":{"text":"This survey is designed to demonstrate some key features of this software.\n\nPlease click 'Next' to proceed.","textAlign":"center"}}],"Randomize":false},{"Id":"dd53a8d9-36de-4243-8f54-364da6e25d40","Order":2,"Components":[{"Type":"spacer","Order":1,"Id":"ca2758ef-6d34-4005-baf1-284f3397f892","Params":{"height":"50"}},{"Type":"heading","Order":2,"Id":"0f4743a9-6c93-45e4-9277-0e23faad7256","Params":{"text":"Instructions"}},{"Type":"paragraph","Order":3,"Id":"e16dc179-6e36-454e-ae3b-158fb34bc42e","Params":{"text":"This is an example instructions page. \n\nIt is made up of two spacer components, one heading component, a paragraph component (this text), and a *Confirmation* response component (below). \n\nThis type of response component can be used to ensure that participants have read and understood the survey instructions, as well as any accompanying information. This can be important to record their informed consent, both to take part in the study and for the use of any data that they provide. \n\nIt is not possible to continue until the confirmation box has been ticked.","textAlign":"left"}},{"Type":"spacer","Order":4,"Id":"2b54cbfb-6f81-4c67-a372-c9d0837ddd97","Params":{"height":"50"}},{"Type":"Confirmation","Order":5,"Id":"950a09e1-d3ca-4564-9c04-30db1e91473e","Params":{"label":"I confirm that I have read and understood the survey information, and that I wish to take part."}}],"Randomize":false},{"Id":"b7065bc3-caa0-47d3-90a8-882d269255c4","Order":3,"Components":[{"Type":"heading","Order":1,"Id":"b8368d50-9db2-4b40-84c7-3d9cf72c2f0b","Params":{"text":"Question 1 - Discrete","textAlign":"left"}},{"Type":"paragraph","Order":2,"Id":"99c6eb69-0348-41ee-ad8f-08a1facb90ee","Params":{"text":"This is a *Discrete* response question. Here the respondent can select only one option from a set of possible responses. \n\nThese can be numbered, representing actual amounts, or they can be labelled linguistically, for ordinal or nominal responses.\n\n\n\n"}},{"Type":"spacer","Order":3,"Id":"9f2da6d7-2b7a-4397-8cde-ce636de2bd5b","Params":{"height":"50"}},{"Type":"heading","Order":4,"Id":"a96d6bd6-72b5-418f-ba28-5c652aced53d","Params":{"text":"How many sides does a single pentagon have?","textAlign":"center","variant":"h3"}},{"Type":"Discrete","Order":5,"Id":"e7de287a-8709-4758-8ae4-12644d7200d4","Params":{"radio4Secondary":"","radio5Secondary":"","radio3Secondary":" ","radio1Secondary":"","radio6":"","radio4":"4","radio5":"5","barThickness":"4","barTopMargin":"30"}}],"Randomize":false},{"Id":"7208fd00-1015-434d-a466-4f719c4f153f","Order":4,"Components":[{"Type":"heading","Order":1,"Id":"fce8edec-0007-4915-bf34-f2ffe9b67b59","Params":{"text":"Question 2 - Ellipse","textAlign":"left"}},{"Type":"paragraph","Order":2,"Id":"9e37d93f-cade-42a6-826e-3a2d01a0593d","Params":{"text":"This is an *Ellipse* response question. The ellipse-based response format produces an interval-valued response. Here the respondent can circle ('draw an ellipse') to delineate a range on a continuous scale. \n\nThe position of the ellipse indicates the response in respect to the labels provided on the axis. The width of the ellipse captures range associated with the response - which may arise from a variety of factors, including uncertainty.\n\nFor example, when considering the question below, you may have a very specific and certain view of how many ***a few*** represents - and can therefore provide a specific response (ellipse with a small or no width). \nOn the other hand, you may not feel that a precise value appropriately captures your desired response (e.g. because ***a few*** is not a numerically precise term). The resulting range in your response is captured through the size of the ellipse that you provide."}},{"Type":"spacer","Order":3,"Id":"a8f084b1-be18-4cb8-b042-dab7b06079d2","Params":{"height":"50"}},{"Type":"heading","Order":4,"Id":"ac1a4fea-33cd-4927-a035-a3587c2100e2","Params":{"text":"In total, how many sides do a few triangles have?","textAlign":"center","variant":"h3"}},{"Type":"Ellipse","Order":5,"Id":"8ca23d70-64bb-4ded-83bc-dd572e26c253","Params":{"barTopMargin":"40","barThickness":"4","minLabel":"0","rangeMarkerThickness":"6","scaleMarkerThickness":"4","scaleMarkerLength":"30","scaleSubdivisionLength":"15","scaleSubdivisionThickness":"4","scaleMarkers":"3","scaleSubdivisions":"10","penColor":"red","rangeMarkerColor":"blue","maxLabel":"20","midLabel":"10"}}],"Randomize":false},{"Id":"fbb26bc7-06c0-46fc-b0a6-1a615c55f2bf","Order":5,"Components":[{"Type":"heading","Order":1,"Id":"d90c26d5-4d3c-415c-95e6-b32c7d8af9e9","Params":{"text":"Question 3 - Freetext","textAlign":"left"}},{"Type":"paragraph","Order":2,"Id":"4b574152-18e5-41db-af54-aafb3401ec6b","Params":{"text":"This is a *FreeText* response question. Here respondents are free to type a more open ended response, using their own words.\n\nThe character limit is specifiable by the survey administrator.\n\n\n"}},{"Type":"spacer","Order":3,"Id":"5fdeae14-1865-4ed1-bf2f-a31e62537231","Params":{"height":"50"}},{"Type":"heading","Order":4,"Id":"fd778c9a-1cd3-493b-a52a-79cee6e97643","Params":{"text":"How do you like this demo of DECSYS?","textAlign":"center","variant":"h3"}},{"Type":"FreeText","Order":5,"Id":"66a97aab-f9f4-4586-bb40-7097dbb9b1f9","Params":{"maxLength":"1000"}}],"Randomize":false},{"Id":"ff13d498-13ab-4474-9e05-37cf34f0a038","Order":6,"Components":[{"Type":"spacer","Order":1,"Id":"82c01177-7b25-4b56-8dfd-79c246e88a5d","Params":{"height":"50"}},{"Type":"heading","Order":2,"Id":"ea082959-74d0-4018-ab31-d64159aa1f94","Params":{"text":"This is the end of the demo survey.","variant":"h2"}},{"Type":"paragraph","Order":3,"Id":"7a60681f-4b34-4c06-9b2c-5a84b0dcefb7","Params":{"text":"Thank you for using DECSYS. \n\nNext, please consider taking our **Sample Research Survey**. This survey will show you a real-world implementation of a survey and is designed to collect data and feedback from DECSYS users such as you! :)\n\nIf you do get a chance to complete the **Sample Research Survey**, please follow the instructions and send us a copy of the data at ***decsys@lucidresearch.org***. We are compiling the survey results and will publish the dataset in due course.","textAlign":"center"}}],"Randomize":false}],"OneTimeParticipants":false,"UseParticipantIdentifiers":false,"ValidIdentifiers":["ID1","ObedientFlamingo","SafeBee","CarelessGoose"]}