﻿{"Id":5,"Name":"Sample Research Survey","Pages":[{"Id":"4f3a319f-282a-4962-afa9-70f9eaa7ce73","Order":1,"Components":[{"Type":"spacer","Order":1,"Id":"8d6b37af-70fe-46d3-b9ef-6716fada87a0","Params":{"height":"50"}},{"Type":"heading","Order":2,"Id":"e99515b1-b3bf-453f-86bc-b2f8e4521fe7","Params":{"text":"Welcome to the Sample Research Survey."}},{"Type":"paragraph","Order":3,"Id":"06b1fd01-af5b-4291-a294-e21e7f9c1853","Params":{"text":"This survey is designed to provide an example of how DECSYS can be used in an applied research context.\n\nThis focuses on collecting interval-valued responses, using the *Ellipse* response format, by comparison with more traditional (*Discrete*) responses. We hope that taking this survey will provide you with a better understanding of how the *Ellipse* question type works, and how it may be useful.\n\nIn addition, we are interested in collecting responses from DECSYS users and participants, such as you, to inform the wider understanding of interval-valued questionnaires. In this respect, the survey is part of an ongoing research effort into the use of non-traditional response formats. This is being conducted by the LUCID research group, within the School of Computer Science at the University of Nottingham, UK. This research will help us to further develop and improve DECSYS in the future.\n\nIf you choose to take part, you will be presented a series of questions. For some of these questions you will be asked to respond by choosing a single option, and to others by drawing an ellipse on a continuous scale. At the end you will be given the opportunity to provide some feedback on the two response types. We will also ask you a few optional demographic questions, which will help us to understand how different demographics respond to using DECSYS.\n\nAs we do not have access to survey responses collected by DECSYS users, it would be greatly appreciated if you could send us the results from your survey by email to: ***decsys@lucidresearch.org***. Any data sent to us will be saved anonymously (i.e., email sender details will be discarded) on secure University of Nottingham storage. Anonymous data from responses, including anonymous quotations, may be used in academic publications and made publicly available.\n\nCompleting this survey, and sending us your data, is entirely voluntary. We are very grateful if you can do so. None of the questions are designed to capture personally identifiable information – however, if you do choose to provide any personally identifiable information (e.g., as part of a *FreeText* response) then this will be anonymised before any future public release of the data-set.\n\nIf you have any questions then please email us at: ***decsys@lucidresearch.org***\n\nOn the next pages you will find detailed instructions for the *Ellipse* response format and the questionnaire.\n"}},{"Type":"Confirmation","Order":4,"Id":"fcc578c5-304b-4f48-933b-636f80adb116","Params":{"label":"I confirm that I have read and understood the study information, and that I wish to proceed."}}],"Randomize":false},{"Id":"42ef7022-d1a4-45d8-b317-faa6074f5f7f","Order":2,"Components":[{"Type":"heading","Order":1,"Id":"35ef183b-af8d-445c-9031-b49938479521","Params":{"text":"Response Instructions."}},{"Type":"paragraph","Order":2,"Id":"bfd0d496-1ae5-4bae-a7c2-71cbce33a54b","Params":{"text":"Thank you for agreeing to take part in this experiment.\n\nThis task is designed to assess how well people are able to respond using a newly developed survey response-format. Here, some responses are made by drawing ellipses on a continuous scale, instead of picking a single response option. How to use this type of response-format is explained below, with examples. Please read this information carefully.\n\n**For each question:**\n\n - Use an ellipse to mark your answer, surrounding the area of the scale that you wish to select. A smaller or wider ellipse can be used to indicate the level of uncertainty, range or vagueness in the response.\n\n - For instance, if you feel unable to precisely answer the question quickly and satisfactorily with the information provided, then use a larger ellipse to represent the uncertainty in your answer. \n\n- Even if you have all the information that you need to give an accurate response, the most appropriate answer may include a range of values. In this case, you should draw an ellipse that includes all values that represent a correct response.\n"}},{"Type":"image","Order":3,"Id":"c97b30b5-629b-4cfc-b4cb-114b67ea49b3","Params":{"extension":".png"}},{"Type":"paragraph","Order":4,"Id":"d091341e-f4c3-4b78-aa8c-dad37dc4aa67","Params":{"text":" - If you do not know the answer at all, then you should circle the entire scale.\n - If you wish to indicate a certain and completely precise answer, then you can do so by drawing a single vertical line."}},{"Type":"image","Order":5,"Id":"db1d7b2b-544c-4582-b8dc-84bde4f84eb4","Params":{"extension":".png"}},{"Type":"paragraph","Order":6,"Id":"62d39cec-8487-4fe6-9e9b-8c487d216452","Params":{"text":"Click next to proceed to the task instructions."}}],"Randomize":false},{"Id":"347c7315-0c5c-42cd-b794-cd0dfcb75687","Order":3,"Components":[{"Type":"heading","Order":1,"Id":"eaca8757-2572-49d5-bd67-468ccc6754e2","Params":{"text":"Task Instructions."}},{"Type":"paragraph","Order":2,"Id":"df32942c-6567-4e64-8c74-4f74f052b917","Params":{"text":"In this survey, you will be shown a series of sets of marbles. Each set will be made up of 5 rows of 7 marbles each, but some may be hidden. All marbles will be either blue or yellow and you will be asked to estimate the number of blue marbles that are in each row. You will only make one estimate per set of marbles (5 rows). If any marbles are hidden then you should make your estimate including these hidden marbles. When using the ellipse response-type, you can illustrate your degree of uncertainty using the width of the ellipse."}},{"Type":"image","Order":3,"Id":"30beaefa-159b-47de-ae45-5200045c687a","Params":{"extension":".png"}},{"Type":"Confirmation","Order":4,"Id":"01f1b5a3-0f26-4df9-a757-dfe298953822","Params":{"label":"I confirm that I have read and understood the task instructions, and that I wish to proceed."}}],"Randomize":false},{"Id":"df16fa63-8a26-4ea0-b380-df7008cf67e7","Order":4,"Components":[{"Type":"heading","Order":1,"Id":"19a63823-3d3c-4b64-b23a-98dccbfb05dd","Params":{"text":"Question 1.","textAlign":"left"}},{"Type":"image","Order":2,"Id":"21b549f2-0da8-40e7-826d-6682f4ea265d","Params":{"extension":".png"}},{"Type":"spacer","Order":3,"Id":"18e9f94a-1f75-4ce4-959c-b37483fe7305","Params":{"height":"50"}},{"Type":"heading","Order":4,"Id":"b74c1f85-cbd1-420f-bc9f-4789a562284d","Params":{"text":"How many blue marbles do you think are in each row? (Make one estimate for the whole set. Include hidden marbles).","variant":"h2"}},{"Type":"Ellipse","Order":5,"Id":"ecff4a1a-defd-4892-bcad-72034ce18da2","Params":{"barTopMargin":"30","barThickness":"4","minLabel":"0","maxLabel":"7","penColor":"red","rangeMarkerColor":"blue","scaleMarkerThickness":"4","scaleMarkerLength":"30","scaleSubdivisionThickness":"4","scaleSubdivisionLength":"15","scaleMarkers":"8","scaleSubdivisions":"1"}}],"Randomize":false},{"Id":"457853f0-2d7c-4d06-9779-eb3070fdfdbd","Order":5,"Components":[{"Type":"heading","Order":1,"Id":"34e0a01f-76b8-40c3-81fa-ef78ad627f07","Params":{"text":"Question 2.","textAlign":"left"}},{"Type":"image","Order":2,"Id":"00491029-8ee6-4f2c-b72e-c06302cf5091","Params":{"extension":".png"}},{"Type":"spacer","Order":3,"Id":"f398f01c-2298-4ede-8545-5b995fc1c6aa","Params":{"height":"50"}},{"Type":"heading","Order":4,"Id":"e92bb57c-4a8a-424d-8f80-759b023f61c2","Params":{"text":"How many blue marbles do you think are in each row? (Make one estimate for the whole set. Include hidden marbles).","variant":"h2"}},{"Type":"Ellipse","Order":5,"Id":"586d95d5-bf31-415d-ae4a-0bb82beb3769","Params":{"barTopMargin":"30","barThickness":"4","minLabel":"0","maxLabel":"7","penColor":"red","rangeMarkerColor":"blue","scaleMarkerThickness":"4","scaleMarkerLength":"30","scaleSubdivisionThickness":"4","scaleSubdivisionLength":"15","scaleMarkers":"8","scaleSubdivisions":"1"}}],"Randomize":false},{"Id":"cdfb14e3-16c4-4859-8791-4b52f2606e28","Order":6,"Components":[{"Type":"heading","Order":1,"Id":"e1eb6aa6-9ee9-4d94-a6d5-2441e477f3aa","Params":{"text":"Question 3.","textAlign":"left"}},{"Type":"image","Order":2,"Id":"8172fbce-dca8-416c-bbb2-8d2da545039c","Params":{"extension":".png"}},{"Type":"spacer","Order":3,"Id":"7b9daa61-8a0f-4965-b243-302d3fbe2faf","Params":{"height":"50"}},{"Type":"heading","Order":4,"Id":"699df7f1-2cc5-4ec0-a0a6-f9631f4761cf","Params":{"text":"How many blue marbles do you think are in each row? (Make one estimate for the whole set. Include hidden marbles).","variant":"h2"}},{"Type":"Ellipse","Order":5,"Id":"5c87ff90-0b32-4c09-b887-87f25cda2fa4","Params":{"barTopMargin":"30","barThickness":"4","minLabel":"0","maxLabel":"7","penColor":"red","rangeMarkerColor":"blue","scaleMarkerThickness":"4","scaleMarkerLength":"30","scaleSubdivisionThickness":"4","scaleSubdivisionLength":"15","scaleMarkers":"8","scaleSubdivisions":"1"}}],"Randomize":false},{"Id":"4f2d6a57-f64d-46f1-a348-3fa1164dea30","Order":7,"Components":[{"Type":"heading","Order":1,"Id":"3cd8ec66-4705-4bbb-8fc3-8d5e603d74b5","Params":{"text":"Question 4.","textAlign":"left"}},{"Type":"image","Order":2,"Id":"712497c4-9b2d-4a22-8f3f-b88d35b18973","Params":{"extension":".png"}},{"Type":"spacer","Order":3,"Id":"e68e017b-bfcd-4e27-8dd7-adb9dc85018f","Params":{"height":"50"}},{"Type":"heading","Order":4,"Id":"7e2a85bb-1148-4719-89e0-b609dc244a68","Params":{"text":"How many blue marbles do you think are in each row? (Make one estimate for the whole set. Include hidden marbles).","variant":"h2"}},{"Type":"Discrete","Order":5,"Id":"99a8e1f3-04a1-486a-82b8-30b60f6f8098","Params":{"radio1Secondary":"","radio1":"0","radio2":"1","radio3":"2","radio3Secondary":"","radio4":"3","radio5":"4","radio6":"5","radio7":"6","barTopMargin":"30","barThickness":"4","radio8":"7","radio5Secondary":""}}],"Randomize":false},{"Id":"a81aad13-3784-4647-8171-03874018c2c0","Order":8,"Components":[{"Type":"heading","Order":1,"Id":"64c7eafe-a3e2-494a-a8f6-5d070c09e339","Params":{"text":"Question 5.","textAlign":"left"}},{"Type":"image","Order":2,"Id":"af481920-5837-45f1-9c24-831651cd7b95","Params":{"extension":".png"}},{"Type":"spacer","Order":3,"Id":"3de3e05a-63a1-4793-a7af-37e8b959f65b","Params":{"height":"50"}},{"Type":"heading","Order":4,"Id":"a0bcbcc3-4453-46ba-a93a-f212d08112d0","Params":{"text":"How many blue marbles do you think are in each row? (Make one estimate for the whole set. Include hidden marbles).","variant":"h2"}},{"Type":"Discrete","Order":5,"Id":"8793614c-f91c-4d48-8a5e-941a8a0a5464","Params":{"radio1Secondary":"","radio1":"0","radio2":"1","radio3":"2","radio3Secondary":"","radio4":"3","radio5":"4","radio6":"5","radio7":"6","barTopMargin":"30","barThickness":"4","radio8":"7","radio5Secondary":""}}],"Randomize":false},{"Id":"856cdbaa-a172-4934-93e3-eadfb21a9834","Order":9,"Components":[{"Type":"heading","Order":1,"Id":"d8bfa5c7-8ffd-4721-9b77-b1cbfde4d78a","Params":{"text":"Question 6.","textAlign":"left"}},{"Type":"image","Order":2,"Id":"9666bd29-cd1a-473b-b193-46c2bfbd4eb1","Params":{"extension":".png"}},{"Type":"spacer","Order":3,"Id":"801bb09c-f469-4852-bdb4-c4dd3c463d77","Params":{"height":"50"}},{"Type":"heading","Order":4,"Id":"3e2f366c-353c-49fb-b224-3806f93c63fe","Params":{"text":"How many blue marbles do you think are in each row? (Make one estimate for the whole set. Include hidden marbles).","variant":"h2"}},{"Type":"Discrete","Order":5,"Id":"5502966b-d5fe-4aa9-8640-de8920fc7c2a","Params":{"radio1Secondary":"","radio1":"0","radio2":"1","radio3":"2","radio3Secondary":"","radio4":"3","radio5":"4","radio6":"5","radio7":"6","barTopMargin":"30","barThickness":"4","radio8":"7","radio5Secondary":""}}],"Randomize":false},{"Id":"0dc3d77e-6b72-4d75-8455-1393749d2115","Order":10,"Components":[{"Type":"heading","Order":1,"Id":"5aad9c97-736a-4052-bc56-176ad921f71b","Params":{"text":"Question 7.","textAlign":"left"}},{"Type":"image","Order":2,"Id":"585f580c-aea3-4d4d-a4fa-4c9bc7e0219d","Params":{"extension":".png"}},{"Type":"spacer","Order":3,"Id":"c2db2bdd-9a75-4fec-9d1a-239f3b113f4c","Params":{"height":"50"}},{"Type":"heading","Order":4,"Id":"a7cd45af-ccbc-46fc-b455-8fce3b14f6fa","Params":{"text":"How many blue marbles do you think are in each row? (Make one estimate for the whole set. Include hidden marbles).","variant":"h2"}},{"Type":"Ellipse","Order":5,"Id":"58b8c362-7f33-4d56-9279-cca5f950d7bb","Params":{"barTopMargin":"30","barThickness":"4","minLabel":"0","maxLabel":"7","penColor":"red","rangeMarkerColor":"blue","scaleMarkerThickness":"4","scaleMarkerLength":"30","scaleSubdivisionThickness":"4","scaleSubdivisionLength":"15","scaleMarkers":"8","scaleSubdivisions":"1"}}],"Randomize":false},{"Id":"49c4b325-d3e5-4454-86a2-05a0b56f41c2","Order":11,"Components":[{"Type":"heading","Order":1,"Id":"9a1cf850-674a-46e4-a4d7-97f329ddf19d","Params":{"text":"Question 8.","textAlign":"left"}},{"Type":"image","Order":2,"Id":"2e248927-426b-470c-8582-59edae36b25c","Params":{"extension":".png"}},{"Type":"spacer","Order":3,"Id":"39b69a62-ce3c-42f3-a790-e3cf54e6611f","Params":{"height":"50"}},{"Type":"heading","Order":4,"Id":"03f8aadd-48c7-42d1-ac36-f434718bdb62","Params":{"text":"How many blue marbles do you think are in each row? (Make one estimate for the whole set. Include hidden marbles).","variant":"h2"}},{"Type":"Ellipse","Order":5,"Id":"a6ab316d-b63c-47ed-9f69-1ce1c596cc7c","Params":{"barTopMargin":"30","barThickness":"4","minLabel":"0","maxLabel":"7","penColor":"red","rangeMarkerColor":"blue","scaleMarkerThickness":"4","scaleMarkerLength":"30","scaleSubdivisionThickness":"4","scaleSubdivisionLength":"15","scaleMarkers":"8","scaleSubdivisions":"1"}}],"Randomize":false},{"Id":"562f2963-c8e1-4a67-90d8-6a7200e1b944","Order":12,"Components":[{"Type":"heading","Order":1,"Id":"27471b1e-1011-44ee-acb8-47536b63e48b","Params":{"text":"Question 9.","textAlign":"left"}},{"Type":"image","Order":2,"Id":"d9dc9b15-0881-4896-a458-bcb719b4a150","Params":{"extension":".png"}},{"Type":"spacer","Order":3,"Id":"52e8a056-1c19-4b99-9e7b-b8fa1215d70f","Params":{"height":"50"}},{"Type":"heading","Order":4,"Id":"84adb155-a299-46e1-84ee-99aecab3a375","Params":{"text":"How many blue marbles do you think are in each row? (Make one estimate for the whole set. Include hidden marbles).","variant":"h2"}},{"Type":"Ellipse","Order":5,"Id":"6272c76e-b543-455f-a21e-6793af937826","Params":{"barTopMargin":"30","barThickness":"4","minLabel":"0","maxLabel":"7","penColor":"red","rangeMarkerColor":"blue","scaleMarkerThickness":"4","scaleMarkerLength":"30","scaleSubdivisionThickness":"4","scaleSubdivisionLength":"15","scaleMarkers":"8","scaleSubdivisions":"1"}}],"Randomize":false},{"Id":"71e87495-1c96-4640-ab8e-b6a18bfa32fb","Order":13,"Components":[{"Type":"heading","Order":1,"Id":"aafadd57-16d9-4ad5-b0c6-70d17340ce2a","Params":{"text":"Question 10.","textAlign":"left"}},{"Type":"image","Order":2,"Id":"f631b6ab-158a-4fa2-ba83-82e2146fd80d","Params":{"extension":".png"}},{"Type":"spacer","Order":3,"Id":"9f2e5265-9aa5-40e7-89a9-d1c31d25414a","Params":{"height":"50"}},{"Type":"heading","Order":4,"Id":"d72ee389-74de-4fb8-9a8b-bab8739599a2","Params":{"text":"How many blue marbles do you think are in each row? (Make one estimate for the whole set. Include hidden marbles).","variant":"h2"}},{"Type":"Discrete","Order":5,"Id":"daf4ab39-0c20-4a38-ac9a-8301d57eb7a5","Params":{"radio1Secondary":"","radio1":"0","radio2":"1","radio3":"2","radio3Secondary":"","radio4":"3","radio5":"4","radio6":"5","radio7":"6","barTopMargin":"30","barThickness":"4","radio8":"7","radio5Secondary":""}}],"Randomize":false},{"Id":"efff351b-8424-4836-8dc8-20e95a6f4436","Order":14,"Components":[{"Type":"heading","Order":1,"Id":"e4b9bd73-ab06-4279-95ef-84fb3ef81546","Params":{"text":"Question 11.","textAlign":"left"}},{"Type":"image","Order":2,"Id":"195a6c54-fb01-4d40-ab26-d67a45a03eee","Params":{"extension":".png"}},{"Type":"spacer","Order":3,"Id":"3339324a-8b3b-4c43-b900-cdf9e01dede0","Params":{"height":"50"}},{"Type":"heading","Order":4,"Id":"e147bdf5-9956-4f55-aa7c-f3e415f26416","Params":{"text":"How many blue marbles do you think are in each row? (Make one estimate for the whole set. Include hidden marbles).","variant":"h2"}},{"Type":"Discrete","Order":5,"Id":"8c22f4ff-30be-49c6-b2bc-daa4bd3c5597","Params":{"radio1Secondary":"","radio1":"0","radio2":"1","radio3":"2","radio3Secondary":"","radio4":"3","radio5":"4","radio6":"5","radio7":"6","barTopMargin":"30","barThickness":"4","radio8":"7","radio5Secondary":""}}],"Randomize":false},{"Id":"7c3c29de-5652-4ff7-a488-1ba815012503","Order":15,"Components":[{"Type":"heading","Order":1,"Id":"2d5c467f-bd25-4905-9c3c-f17dc6565146","Params":{"text":"Question 12.","textAlign":"left"}},{"Type":"image","Order":2,"Id":"21047780-c0d7-4540-98fd-86cf9c480547","Params":{"extension":".png"}},{"Type":"spacer","Order":3,"Id":"9956226c-ad5f-44e6-ba16-256dcafed3a2","Params":{"height":"50"}},{"Type":"heading","Order":4,"Id":"be1975d2-af90-4788-933d-a5648e93ad4b","Params":{"text":"How many blue marbles do you think are in each row? (Make one estimate for the whole set. Include hidden marbles).","variant":"h2"}},{"Type":"Discrete","Order":5,"Id":"b1ede818-1cd3-4cab-935d-3787e1d465a8","Params":{"radio1Secondary":"","radio1":"0","radio2":"1","radio3":"2","radio3Secondary":"","radio4":"3","radio5":"4","radio6":"5","radio7":"6","barTopMargin":"30","barThickness":"4","radio8":"7","radio5Secondary":""}}],"Randomize":false},{"Id":"536ddff3-5e7a-4c46-a92c-512fde624704","Order":16,"Components":[{"Type":"spacer","Order":1,"Id":"98e57302-5c7f-44ed-9b4f-4237fae924e4","Params":{"height":"50"}},{"Type":"heading","Order":2,"Id":"091b8f3e-0b5f-44b5-b72e-ce9e89327c80","Params":{"text":"Feedback Section."}},{"Type":"paragraph","Order":3,"Id":"08bcce3a-6b5d-4d36-ba19-ec6f2b40a59e","Params":{"text":"Thank you for completing the main survey questions.\n\nYou will now be asked a few feedback questions. \n\nPlease think about the two methods used to answer the previous questions: *Discrete* and *Ellipse* - we call these the *response formats*. \n\nThese feedback questions will all use the *Discrete* response format. Please select a single option to provide your feedback for each question."}}],"Randomize":false},{"Id":"cacf9b32-6a2c-4f1b-b95e-3d3573b6f9ee","Order":17,"Components":[{"Type":"spacer","Order":1,"Id":"9cc4dd7f-80d2-48ea-bee6-7e40803a9046","Params":{"height":"50"}},{"Type":"heading","Order":2,"Id":"b2f68a8b-e8b6-465b-ab9a-5a3fd3245871","Params":{"text":"I found the discrete response format easy to use."}},{"Type":"Discrete","Order":3,"Id":"547fb10e-e261-423c-b3a4-21dc5dea7f15","Params":{"radio1Secondary":"Strongly Disagree","radio5Secondary":"Strongly Agree","labelAlignment":"below"}}],"Randomize":false},{"Id":"1be978a8-39ce-44aa-8727-455267473c34","Order":18,"Components":[{"Type":"spacer","Order":1,"Id":"b7b14430-cf2c-442c-9eac-ded44371562b","Params":{"height":"50"}},{"Type":"heading","Order":2,"Id":"4ecf4759-de10-4ce9-97cd-709ba376a42c","Params":{"text":"I found the discrete response format unnecessarily complex."}},{"Type":"Discrete","Order":3,"Id":"d44ad0b1-bb77-40e5-b477-526bc50fbb4f","Params":{"radio1Secondary":"Strongly Disagree","radio5Secondary":"Strongly Agree","labelAlignment":"below"}}],"Randomize":false},{"Id":"bb33e8d2-83ed-4d85-b250-beb7dd76052d","Order":19,"Components":[{"Type":"spacer","Order":1,"Id":"c76a9235-f044-4e4c-a485-25fafebaddee","Params":{"height":"50"}},{"Type":"heading","Order":2,"Id":"0ffaef7b-9f95-44bf-a8b2-e79a3b01ea62","Params":{"text":"I found that the discrete response format allowed me to effectively communicate my desired response."}},{"Type":"Discrete","Order":3,"Id":"3d4921a1-3181-4716-aea9-9d19e9565f70","Params":{"radio1Secondary":"Strongly Disagree","radio5Secondary":"Strongly Agree","labelAlignment":"below"}}],"Randomize":false},{"Id":"ef9f2ea5-854e-4d6b-b4d5-6303241aec26","Order":20,"Components":[{"Type":"spacer","Order":1,"Id":"d40dd1b0-a17e-4f5f-9285-a83f62590c52","Params":{"height":"50"}},{"Type":"heading","Order":2,"Id":"e6e7b34b-f179-47b4-92b4-2d1c56a5c3d3","Params":{"text":"Overall, I liked the discrete response format."}},{"Type":"Discrete","Order":3,"Id":"44c9ae1b-f08a-4d5e-86cc-e0056e45dce1","Params":{"radio1Secondary":"Strongly Disagree","radio5Secondary":"Strongly Agree","labelAlignment":"below"}}],"Randomize":false},{"Id":"2c624fcc-9ecc-47f3-8968-dda62d6d6263","Order":21,"Components":[{"Type":"spacer","Order":1,"Id":"3a12dadd-a614-4fb4-945c-fda45d60f9be","Params":{"height":"50"}},{"Type":"heading","Order":2,"Id":"f50bbfb0-48e7-47d0-a196-be82cf4a72c8","Params":{"text":"I found the ellipse response format easy to use."}},{"Type":"Discrete","Order":3,"Id":"68c55403-db4a-4886-a70c-b00022be8348","Params":{"radio1Secondary":"Strongly Disagree","radio5Secondary":"Strongly Agree","labelAlignment":"below"}}],"Randomize":false},{"Id":"114f46a7-eba4-431f-b2a8-72e9b55f330c","Order":22,"Components":[{"Type":"spacer","Order":1,"Id":"9bd16c35-97be-466f-8291-1996af8a77a9","Params":{"height":"50"}},{"Type":"heading","Order":2,"Id":"1ab5b24b-7154-403b-ae31-bb4b1b020422","Params":{"text":"I found the ellipse response format unnecessarily complex."}},{"Type":"Discrete","Order":3,"Id":"f540fa2a-9edf-453c-b664-07aea9893393","Params":{"radio1Secondary":"Strongly Disagree","radio5Secondary":"Strongly Agree","labelAlignment":"below"}}],"Randomize":false},{"Id":"6889e0f0-28b1-4d95-adcb-03d6a379a7a7","Order":23,"Components":[{"Type":"spacer","Order":1,"Id":"78162422-4168-4a00-b3d4-095febfaedc4","Params":{"height":"50"}},{"Type":"heading","Order":2,"Id":"8b89ac98-e724-478f-bdd2-2b030426b068","Params":{"text":"I found that the ellipse response format allowed me to effectively communicate my desired response."}},{"Type":"Discrete","Order":3,"Id":"82002c47-b2e0-4ea2-8f80-9e9019d8bae1","Params":{"radio1Secondary":"Strongly Disagree","radio5Secondary":"Strongly Agree","labelAlignment":"below"}}],"Randomize":false},{"Id":"63a9b8a0-4fb3-41df-b0f4-d15d0b7d62f1","Order":24,"Components":[{"Type":"spacer","Order":1,"Id":"78c4e88a-183d-4058-8ade-94ecc2e8b793","Params":{"height":"50"}},{"Type":"heading","Order":2,"Id":"0dee02db-1229-45d5-ac18-05776a3e20e2","Params":{"text":"Overall, I liked the ellipse response format."}},{"Type":"Discrete","Order":3,"Id":"027f09d8-32cd-4b60-98a2-ba1b9c150dd7","Params":{"radio1Secondary":"Strongly Disagree","radio5Secondary":"Strongly Agree","labelAlignment":"below"}}],"Randomize":false},{"Id":"87af4600-1e82-4ac9-ac25-a7ee970998a8","Order":25,"Components":[{"Type":"spacer","Order":1,"Id":"87d41aea-82b4-4ba4-a746-fa19c5a00627","Params":{"height":"50"}},{"Type":"heading","Order":2,"Id":"82ce62f7-2cf9-4859-a807-f919ed6f6b0e","Params":{"text":"Please use this space to provide any further comments or feedback that you have - regarding either response format, or the DECSYS software more generally.","variant":"h3"}},{"Type":"FreeText","Order":3,"Id":"11c870f2-f88e-4671-a9bf-00e84b15e478","Params":{"maxLength":"10000"}}],"Randomize":false},{"Id":"da8faff9-2eca-4bf7-9290-531bbb0df8a4","Order":26,"Components":[{"Type":"spacer","Order":1,"Id":"b202f22c-2d12-4eef-ac87-02e054e8c0ee","Params":{"height":"50"}},{"Type":"heading","Order":2,"Id":"5afecffa-624e-4e49-8775-1fc17630bc95","Params":{"text":"The next few questions are designed for you to tell us a little more about yourself.","variant":"h3"}}],"Randomize":false},{"Id":"dddf77a6-3f27-49b2-8143-5114880d2adc","Order":27,"Components":[{"Type":"spacer","Order":1,"Id":"bc38cbf2-22ca-4898-a716-463d42f5e4d0","Params":{"height":"50"}},{"Type":"heading","Order":2,"Id":"45681bae-1f4f-425c-bab6-b5b7609bca63","Params":{"text":"First, were you already familiar with the discrete response format before taking this survey?","variant":"h2"}},{"Type":"Discrete","Order":3,"Id":"53ab9952-38e3-4c84-ae1c-2fedb391585e","Params":{"radio1Secondary":"","radio1":"Not at all familiar","radio2":"Slightly familiar","radio3":"Very familiar","radio4":"","radio5":"","radio5Secondary":""}}],"Randomize":false},{"Id":"82738e00-adc2-42f0-ae10-bb8adc871841","Order":28,"Components":[{"Type":"spacer","Order":1,"Id":"0d8ef14a-5539-465d-b2fc-db447b8fcc2c","Params":{"height":"50"}},{"Type":"heading","Order":2,"Id":"9b56bfd4-78b1-416e-b710-2478f83ff097","Params":{"text":"Second, were you already familiar with the ellipse response format before taking this survey?","variant":"h2"}},{"Type":"Discrete","Order":3,"Id":"5fad0a82-bbd2-4e67-9914-b963b3f6ae75","Params":{"radio1Secondary":"","radio1":"Not at all familiar","radio2":"Slightly familiar","radio3":"Very familiar","radio4":"","radio5":"","radio5Secondary":""}}],"Randomize":false},{"Id":"c8b668c0-b32c-4b1d-8688-ac88a40c193f","Order":29,"Components":[{"Type":"spacer","Order":1,"Id":"4b1181de-d652-4122-b4ab-4de7acec1f12","Params":{"height":"50"}},{"Type":"heading","Order":2,"Id":"392e1050-8cb2-4b5b-b36c-90817c4aafa3","Params":{"text":"Third, what is your gender?","variant":"h2"}},{"Type":"Discrete","Order":3,"Id":"9569c658-5a0d-4194-a109-029ecc085a10","Params":{"radio1":"Male","radio1Secondary":"","radio2":"Female","radio3":"Other","radio4":"Prefer not to say","radio5":"","radio5Secondary":""}}],"Randomize":false},{"Id":"f830a857-908d-44f9-8157-4c9acfe72f1a","Order":30,"Components":[{"Type":"spacer","Order":1,"Id":"b21651dc-8ece-43b5-8a6e-4db8d2bfd879","Params":{"height":"50"}},{"Type":"heading","Order":2,"Id":"5e5e7cc3-04dd-4d8d-b1a5-aaf02b34f9cd","Params":{"text":"Finally, how old are you?","variant":"h2"}},{"Type":"paragraph","Order":3,"Id":"cbef8070-d731-44e5-afd3-0d80131c6877","Params":{"text":"(Leave blank if you prefer not to say).","textAlign":"center"}},{"Type":"FreeText","Order":4,"Id":"27cd3765-9f3d-40bb-9195-4ab418ab0a65","Params":{"maxLength":"3"}}],"Randomize":false},{"Id":"32302876-217f-44f1-8318-0d5d24cd0cb9","Order":31,"Components":[{"Type":"spacer","Order":1,"Id":"93fb819c-3991-475f-879e-1cc487db7a47","Params":{"height":"50"}},{"Type":"heading","Order":2,"Id":"2f9ee4a9-ebd9-44f5-8389-3870ecf00678","Params":{"text":"You have now completed the Sample Research Survey.","variant":"h2"}},{"Type":"paragraph","Order":3,"Id":"a7342b1b-36f7-477e-9add-720d6e3dd96b","Params":{"text":"Thank you for providing your time to help this project. \n\nWe hope that completing this survey has provided a useful hands on experience of using the interval-valued (*Ellipse*) response format, and that it has shown a good example of where this can be a useful way of responding. Of course, there are many other situations where capturing the *range* in a response, for whatever reason this arises, could be a valuable tool for research.\n\nWe would very much like to use your results in our own research, and also to take your feedback on board to help us further develop and improve DECSYS. So that we can do this, please export these results and send them to us at: ***decsys@lucidresearch.org***\n\n"}}],"Randomize":false}],"OneTimeParticipants":false,"UseParticipantIdentifiers":false,"ValidIdentifiers":[]}